<?xml version="1.0" encoding="UTF-8"?>
<project-private xmlns="http://www.netbeans.org/ns/project-private/1">
    <editor-bookmarks xmlns="http://www.netbeans.org/ns/editor-bookmarks/2" lastBookmarkId="0"/>
    <open-files xmlns="http://www.netbeans.org/ns/projectui-open-files/2">
        <group>
            <file>file://NAS001/account_PIF/_randelovicp/LPI/Sw/Programmi/MPLABXProjects/nomeProgetto.X/main.c</file>
            <file>file://NAS001/account_PIF/_randelovicp/LPI/Sw/Programmi/MPLABXProjects/nomeProgetto.X/mcc_generated_files/mcc.h</file>
        </group>
    </open-files>
</project-private>
